Nome,cidade,bio,idade
Ana Beatriz Ramos,Freitas,"Quas suscipit non facilis. Cumque ea odio illo.
Dolore molestias nulla mollitia. Distinctio iusto assumenda molestiae ratione voluptatibus vero.",53
Giovanna Martins,Cardoso de Goiás,"Maiores cum commodi tempore voluptas doloremque.
Aliquid quas iusto dolores. Molestias perferendis alias sequi magnam id in. Dignissimos ipsum ducimus eum ab quaerat optio.",86
Eduardo Peixoto,Santos,"Optio voluptatum nisi temporibus. Facere officiis quidem.
Itaque consequuntur ea optio qui. Voluptate dolorum enim quidem unde earum. Ea vero deleniti provident animi.",70
Dr. Cauê Lopes,Ribeiro de Melo,"Ex aliquid officia non possimus. In a repellat dolores pariatur.
Consequuntur facilis ad esse odio officia. Id delectus voluptate ab reprehenderit. Quo in ad rem necessitatibus rem eum nobis.",48
Thomas da Conceição,da Cruz de Azevedo,Culpa nostrum nihil. Incidunt cum ipsa ex distinctio doloribus. Repudiandae dolores alias occaecati dolor tempore ex.,63
Clarice da Rosa,Alves,Iusto omnis temporibus placeat alias vitae quidem. Quisquam dignissimos modi vel eum sed saepe.,47
Bernardo Dias,Moraes Grande,"Explicabo magnam veniam doloremque exercitationem molestiae perspiciatis. Voluptatum ratione veritatis aut consectetur veritatis.
Nostrum saepe perferendis dolorem. Sed ab doloribus corporis.",85
Luana Sales,Ribeiro Alegre,Nemo impedit a cupiditate corrupti ducimus nemo. Animi neque vero provident. Eum mollitia repellendus voluptatibus excepturi eligendi.,41
Joaquim da Costa,Jesus de Araújo,Maiores dignissimos autem adipisci quae. Deserunt maiores alias laudantium.,82
Rodrigo da Rocha,da Cunha,"Perferendis placeat cumque delectus. Dolor modi placeat sapiente dolorem. Praesentium sit libero dolore.
Eaque ad architecto blanditiis. Sapiente doloribus sit occaecati quo a nulla tenetur.",78
Kaique Costa,Rodrigues,Sint explicabo tempore. Perspiciatis unde culpa architecto. Voluptatum doloremque eos sequi repellat adipisci fugit. Eius nemo ducimus deserunt blanditiis iure libero quidem.,88
Danilo Barros,da Mota do Norte,"Sint veniam architecto aliquam. Nobis ipsam sapiente voluptates illo fuga. Architecto quae tempore repudiandae.
Reiciendis nam assumenda quaerat earum labore est. Recusandae eum ipsam nihil nisi.",29
Carlos Eduardo da Luz,Lima do Oeste,"Dicta repudiandae blanditiis. Corporis sed modi rem. Libero molestiae excepturi dolor fugiat libero quam.
Quas quibusdam in. Rem incidunt sapiente.",25
Cauê Nascimento,Moraes,Delectus magnam eaque delectus dolore laboriosam consequuntur. Necessitatibus debitis corrupti dolorem. Aspernatur molestias officiis totam blanditiis vero.,38
Thomas Teixeira,Caldeira,Labore reiciendis culpa necessitatibus cumque. Quaerat odio incidunt est repudiandae tenetur vero. Sint molestias dolores odio sunt at.,23
Davi Pires,Nunes,Vero illo quam aut minima molestiae. Voluptatum iste quae consectetur alias. Tenetur sed aperiam porro atque.,43
Juliana Cardoso,Almeida de Ramos,Dolor atque praesentium assumenda. Deserunt voluptate quos similique repellendus animi. Laboriosam error asperiores expedita animi sint. Error quod consequuntur aliquid repellat optio ab.,70
Otávio Moraes,Martins,"Facere laudantium optio. Aut nam et vero. Eaque sint velit saepe voluptate magni.
Voluptatem odio facere aut aut illum ex iste. Ab asperiores nostrum quaerat impedit mollitia ea.",90
Benjamin da Mota,Peixoto Paulista,"Ipsa quos fugit sunt. Quisquam magni inventore distinctio. Totam esse eos sit quisquam deserunt neque.
Asperiores aliquid officiis maxime maiores doloribus. Adipisci itaque id sed.",82
Evelyn Peixoto,Gomes,"Earum sit maxime sequi. Laboriosam sed recusandae et repellat fugiat.
Ipsum numquam architecto eveniet quam amet consequuntur ipsum. Quod at laborum laudantium velit similique quia.",40
Cecília Lima,Costa,Assumenda illum beatae saepe necessitatibus vel perspiciatis. Maxime consequatur aspernatur error sit. Rem eos consequatur temporibus aliquam harum dicta est.,28
Alice Jesus,Melo de Almeida,Cupiditate tempore quidem mollitia accusamus. Distinctio cumque autem est error dolor quidem mollitia. Nihil odit corporis explicabo.,89
Vicente Cardoso,Nogueira,Impedit cum corporis tenetur illum reprehenderit veritatis. Labore in cumque porro. Voluptatem unde quisquam dolore vitae enim.,43
Dra. Luna da Cunha,da Mata Paulista,Earum necessitatibus dolore incidunt. Delectus illo sint velit. Iure libero ad similique fugit.,34
Joaquim Nogueira,da Conceição,Pariatur nostrum libero atque doloremque. Esse voluptate quasi fugit consectetur non omnis.,29
Gabriela Azevedo,Barbosa do Norte,"Quae ratione odit aliquid nobis.
Fuga quidem voluptatem. Asperiores quas dolore neque quasi neque voluptatem. Vero est a ratione hic.",24
João Silva,Almeida,"Voluptatum at enim rem laboriosam modi officiis ea. Suscipit doloremque temporibus iure temporibus minus sint.
Tenetur ad ipsa error laborum veniam. Vel voluptates dolores laboriosam.",71
Rafaela da Rocha,Silveira,"Quibusdam soluta quis. Cumque provident labore quisquam vel. Facilis harum commodi similique libero.
A vel est ut quos atque. Non iusto ullam dignissimos quidem sunt veniam.",66
Vicente Teixeira,Cunha de Duarte,Veniam fuga ad provident iusto dicta sit.,65
Daniela Correia,Lopes de Santos,"Qui ut impedit dolorem veniam eum non expedita. Sed rerum consequatur soluta laborum alias beatae.
Libero eaque aut blanditiis. Optio officia architecto at neque.",86
Yuri Oliveira,Dias,"Possimus excepturi nobis voluptatem soluta. Blanditiis nobis rem vero error labore iusto.
Corporis voluptate explicabo quod.",19
Laís da Paz,Peixoto,"Neque eos consequuntur doloribus. Nobis fugiat et rerum.
Aspernatur molestias itaque velit laboriosam. Delectus velit dignissimos doloremque vitae accusamus harum.",55
Theo Campos,Castro do Oeste,"Quae consequatur enim debitis odio hic reiciendis. Assumenda esse adipisci quisquam cupiditate.
Omnis tempore voluptatibus cumque. Sed cupiditate officia amet dicta dolorem.",48
Eduardo da Conceição,Rodrigues da Prata,Dolores alias inventore. Nulla iusto sapiente id labore. Ex soluta voluptates quae.,32
Lucas Gabriel Duarte,da Cunha,Quibusdam praesentium corporis tempore ab fuga. Consequatur molestiae exercitationem hic tempora eligendi voluptates. Ea quam porro totam voluptas perspiciatis eligendi.,62
Marcela Peixoto,Nogueira,"Molestiae ullam distinctio id quibusdam eveniet saepe. Quam modi deserunt.
Neque veniam sequi illum repellat at tempore. In facere cumque cum modi ullam ipsam. Cum eos nesciunt deserunt impedit.",83
Srta. Camila Cunha,Farias do Sul,Rem rerum atque similique iusto. Rem rerum exercitationem harum nisi beatae rem. Commodi reprehenderit impedit inventore temporibus rem sequi. Ut occaecati voluptatibus magni.,89
Arthur da Paz,Oliveira do Sul,In reprehenderit ad earum adipisci. Dignissimos debitis laborum ipsum explicabo nemo quidem. Voluptates non vero itaque quam voluptas nobis sunt.,67
Rebeca Alves,Cavalcanti de Minas,Magni sed assumenda dolore minima nemo ducimus. Assumenda saepe numquam architecto ab. Animi accusamus sit voluptates quidem possimus.,33
Ana Laura da Costa,Fogaça,"Dolore dolores repellendus voluptatum nisi ex. Corrupti natus dolorem mollitia ratione beatae maiores vero.
Ipsum voluptas natus atque in fugit.
Facilis enim totam deleniti.",32
Juliana Souza,Gomes Paulista,Earum libero repellendus ut. Porro totam placeat eum facere dolores. Fugiat tempora non aliquid nobis dicta commodi quas. Esse corporis incidunt molestias officiis.,23
Leandro da Rosa,Nascimento,Enim quos incidunt quia. Adipisci at vero ex fugit. In nulla dicta dolorum magni natus. Est ab a sapiente nostrum odio magni.,38
João Miguel da Rocha,Santos do Campo,Consequatur quaerat consectetur quo vitae non dolor. Dolorum quia quod deleniti enim accusamus iusto. Consectetur repellendus laboriosam. Modi earum repellat quas saepe at fugiat.,75
Noah Ferreira,Almeida de Costa,Dolorum aut aperiam eos. Vel dolore est pariatur tempore dignissimos. Corporis porro velit in occaecati perspiciatis et.,63
Lavínia Ferreira,Freitas de Minas,Odit aliquid inventore quo reprehenderit quisquam illum. Praesentium illo eius quos libero voluptatum nisi. Dolore repellat corporis.,66
Vitor Hugo Aragão,Almeida,"Minus in in rerum.
Repellat minus sequi repellendus repellendus. Aut veritatis ratione dolor iste ipsa cumque impedit. Officia sed consequatur quia.",25
Luana Alves,Rocha,Ducimus aut sed quasi. Non nisi illum consequatur repellat modi.,44
Emanuel Silva,Ferreira do Amparo,Esse quasi perspiciatis ullam eveniet odit. Totam nihil laboriosam animi velit illum maiores. In consequatur facere sunt eligendi rem dolorum.,70
Isaac da Mata,Nogueira do Galho,Esse quas minus mollitia nostrum neque. Tempore ipsam consequatur iusto et. Inventore quo aliquam quo non.,35
Ana Beatriz Pinto,Aragão,Ex sapiente repudiandae ullam ab quia. Voluptate veniam a ullam. Occaecati asperiores quaerat est eaque.,26
Maria Julia Campos,da Mata Paulista,Omnis id debitis unde accusamus quibusdam fugit. Id impedit dolor vero ad voluptatibus perferendis ea. Atque numquam ea quia ex assumenda corrupti. Possimus sapiente voluptates.,64
Julia Barbosa,Silveira,Dignissimos qui soluta inventore quis unde. Excepturi assumenda quia labore. Deserunt at aut quo et. Nostrum recusandae doloremque quod officia sunt.,33
Luiz Miguel Alves,Peixoto,A libero quasi incidunt illo fugiat. Nemo a excepturi voluptatum suscipit nulla. Error aliquam impedit ut.,79
Nathan Lima,Melo,"Ratione fugit esse est. Aspernatur ipsam sunt esse.
Explicabo error corrupti non modi itaque. Velit quia quis amet sapiente aliquid illum.",48
Murilo Cunha,Gomes do Campo,Maxime inventore voluptates similique doloribus. Veritatis sequi eaque deserunt nesciunt.,43
Caroline Costa,Barros,Ea labore blanditiis ipsam. Accusantium reprehenderit maiores accusamus quasi. Similique tenetur enim repudiandae illum aperiam officia.,27
João Gabriel Correia,Castro do Campo,"Expedita culpa a distinctio voluptatem sit facilis reprehenderit. Iure aut expedita magnam omnis reiciendis vel.
Aperiam earum voluptatem exercitationem dignissimos.",61
Kaique Azevedo,da Mata das Pedras,Laborum nulla repudiandae magnam alias cupiditate. Non aperiam ipsa commodi provident aliquid. Nesciunt vero magnam deleniti rerum officia.,24
Juan Barros,Correia,Ex debitis aspernatur sed earum vitae. Sunt excepturi occaecati error saepe. Tempora culpa quod earum facere. Sapiente beatae quae consequatur iusto.,45
Maria Sophia Duarte,da Rocha do Sul,Eaque reprehenderit exercitationem a voluptatem. Doloremque deleniti illum reprehenderit repudiandae.,73
Leonardo Costela,Martins,Cupiditate sapiente a velit quidem dolore aperiam. Vitae corporis voluptatibus unde cupiditate facilis similique.,18
Luiz Otávio Azevedo,Melo,Iste excepturi sunt perferendis. Est qui maxime ea aliquid totam architecto harum. Iusto odio non sed at neque fugit neque.,39
Ana Sophia da Mata,Caldeira de Cardoso,"Porro officiis minima ipsum dolorum id. Accusantium ut voluptatem. Ut corporis nihil eum inventore iure alias. Adipisci amet itaque ipsam.
Perspiciatis dolorem quibusdam nihil. Ea nulla dolore quos.",32
Isabella Barbosa,Araújo,Magni doloribus nihil pariatur deleniti blanditiis sed. Blanditiis necessitatibus expedita incidunt.,54
Lorenzo Cunha,Ferreira Paulista,"Ratione ipsa aut quos. Ad quibusdam incidunt iste. Ipsam ratione aspernatur placeat quibusdam quos.
Sapiente dolor sequi vel iusto optio porro. Deserunt optio non at doloribus dolorem officiis.",54
Igor Silveira,Monteiro,Eius eligendi eligendi ab itaque. Facere explicabo quam rerum ipsam. Quae id voluptate natus. Dignissimos asperiores eos exercitationem voluptatum nihil.,42
Dr. João Castro,Santos,Corporis deserunt neque in quasi id fugiat. Eligendi molestias hic magnam. Occaecati deleniti laudantium aut corporis nesciunt repudiandae inventore.,67
Sophia Viana,Cavalcanti do Norte,Aperiam fugiat nobis. Pariatur sit itaque laborum nulla velit nam. Perferendis ut libero occaecati.,32
Pietra Fogaça,Pinto de Minas,Corrupti ab maiores vel sit. Unde asperiores in ab corporis eos. Nam necessitatibus accusantium quos sequi doloremque fugiat.,26
Evelyn Sales,Rodrigues de Azevedo,Corporis corrupti temporibus beatae quia consectetur. Officiis rem quae iure. Consequatur saepe labore id velit explicabo labore at. Recusandae error rerum aliquid eveniet sapiente dolorem mollitia.,23
João Santos,Freitas da Serra,Temporibus nulla animi praesentium voluptates. Et non est harum itaque.,37
Leandro Moraes,Ramos de Freitas,"Omnis incidunt temporibus corrupti incidunt asperiores tempora.
Consequuntur incidunt praesentium ullam delectus voluptatibus. Commodi iusto quisquam doloremque.
Odio eligendi doloribus odio.",49
João Barros,Cavalcanti da Praia,"Saepe fuga corporis vero alias molestias. Excepturi atque asperiores atque voluptatibus.
Quas ipsa veniam quo veritatis possimus fugit tempore. At harum veniam molestiae aut amet.",30
Yago Porto,Azevedo de Costa,Eligendi modi quisquam est. Minima magnam veniam aperiam modi quaerat necessitatibus. Nemo modi eaque neque.,67
Gustavo Henrique Alves,da Mata,Maiores impedit atque accusamus repellendus. Adipisci aliquid eius expedita. Vitae eius minus.,77
João Felipe Oliveira,Lopes,Fugit omnis dolore sint ab nihil quo. Est porro fugit atque quaerat deserunt accusantium. Autem optio eos quaerat pariatur neque.,51
João Gabriel Fogaça,Pires de Moraes,"Libero culpa ea earum. Alias facilis porro laborum. In vel ratione.
Eius consectetur possimus magnam quam aliquid. Porro quaerat nam. Deserunt eveniet perspiciatis ullam.",71
Joana Pereira,Sales do Norte,Sint odit voluptas dolorem minima placeat quam. Cupiditate suscipit unde error voluptatem.,73
Fernanda Azevedo,Cavalcanti do Campo,"Nulla corrupti nisi eaque rerum. Nulla tempore officia eius dolores placeat.
Quia asperiores vel optio. Quisquam aperiam repudiandae accusamus commodi fugit.",67
Maria Luiza Costa,Freitas,"Itaque eum dolorem nobis. Corporis recusandae animi veritatis vitae neque fugiat.
Nulla iure iste nulla ullam modi sint eligendi. Quisquam labore illo non.",34
Anthony Mendes,Martins,"Reiciendis earum ea fugit magni. Vitae quisquam iusto enim ab dolorum officia. Quas eveniet ipsam cum.
Nihil officiis nobis illum nihil nesciunt. Amet sit quasi sequi. Dolore odit occaecati neque.",89
Dra. Maria Julia Caldeira,da Cunha,"At at in placeat aliquam. Minima tempore earum dignissimos sapiente et. Alias sunt et.
Reiciendis sequi perferendis occaecati. Assumenda aliquam quibusdam ab. In eveniet minima quasi ipsum.",49
Francisco Lopes,Ribeiro de Costa,Vel id maxime minima velit ducimus explicabo doloremque. Inventore vero aliquam incidunt. Eos explicabo at animi neque.,60
Bruno Lopes,Ribeiro,"Numquam dolores rem nihil ratione at vitae. Est repellendus blanditiis ratione. Voluptates dolores maiores. Recusandae culpa illo.
Laboriosam saepe eum cum.",83
Renan da Cruz,Pereira de Vieira,"Voluptas cupiditate hic perferendis tenetur. Incidunt in quaerat.
Ducimus aspernatur eos odit odio. Reprehenderit illum ipsam facilis reprehenderit. Recusandae voluptatibus maxime.",43
Dr. Paulo das Neves,da Mota,"Rem tempore officia voluptatem modi nihil aliquid. Illo minus et praesentium. Expedita amet eaque.
Laudantium qui amet explicabo. Hic vel voluptate. Quos veniam illo eius libero.",82
Joana Rocha,Ferreira do Oeste,Nisi expedita quas consequuntur laborum. Quia animi doloremque officiis. Dolorem eligendi accusamus magni minus modi.,30
André Pereira,Jesus,Unde provident tempora maxime vitae suscipit neque. Alias quos libero earum voluptatum voluptatibus. Libero itaque voluptas doloremque laudantium.,63
João Pedro Nogueira,Ribeiro das Flores,"Quam hic pariatur ipsa fugit voluptas illo. Assumenda tempora maiores sed veniam odit accusamus.
Deleniti sed tempora modi. Eaque voluptates commodi perspiciatis excepturi iste vero.",72
Noah Almeida,Castro de Minas,Quae minima modi cupiditate nostrum dolorem vero. Fugit velit eligendi iste.,86
Thiago Silva,Aragão Grande,In omnis doloremque magnam dolor reiciendis id. Alias rerum ut nulla omnis maiores neque. Sapiente sit aliquam itaque.,40
Natália Nogueira,Vieira Alegre,"A voluptatibus qui aliquid eum nulla.
Aliquam temporibus possimus eos vel modi dolorem.
Explicabo corrupti id id ipsum. Rem officiis hic aliquid.",33
Danilo Alves,Mendes do Norte,Soluta saepe tenetur officia. Vero debitis ex adipisci provident veniam minima. Doloremque eum ducimus perferendis sint facere laboriosam quas.,76
Cauê Barros,Alves,"Quo soluta ipsa sapiente porro accusamus blanditiis. Modi doloremque dolores natus necessitatibus.
Qui nesciunt et exercitationem nisi. Non esse architecto aperiam quibusdam.",20
Luiz Fernando da Rosa,Freitas da Serra,"Id aut quas quia sapiente incidunt aut. Doloribus accusamus iste dolores.
Quas totam fuga eligendi. Ipsum sequi atque dolor itaque. Sit quae voluptas dolorem architecto molestias veritatis.",19
Srta. Sophie Barbosa,Silveira,Voluptates quod quod inventore quidem. Laudantium porro cum molestias nisi rem aperiam facilis. Rerum occaecati eveniet tempora voluptates ratione itaque.,53
Leandro da Mata,Pires,"Repellat fugit nobis cumque esse rem totam optio. Quas aspernatur quaerat quis cum sint dolorum.
Officiis aspernatur mollitia voluptatum debitis. Sint sit accusantium iste veniam.",75
Davi Silva,Melo,Distinctio pariatur natus cumque. Officiis laborum ab enim dolor iure. Repellat repellendus culpa cumque sapiente sunt ipsam praesentium.,72
Henrique Moura,Mendes dos Dourados,Minima asperiores repudiandae aliquam consequatur ea. Explicabo excepturi quas sequi. Nam ducimus saepe laboriosam.,54
Raul Almeida,da Luz,"Minima ut aliquid tempore reiciendis animi iure.
Excepturi vitae rem tenetur officia nobis totam earum.",78
Davi Lucas Nogueira,Freitas das Flores,"Porro iste a nulla aspernatur in similique. Exercitationem minus dicta.
Quasi rem quasi distinctio molestias animi voluptas. Facere aut in quae quod itaque. Officiis illum ipsam aspernatur.",49
João Felipe Moreira,Dias,"Aut optio numquam non modi. Aspernatur quam nam illum corrupti atque vitae. Aliquam maiores enim beatae.
Tempore ad facere. Quae ut sequi facere et eum.",41
Vicente Farias,Novaes,"Expedita recusandae dolores corrupti tempora dolorum. Ut eveniet quas.
Odio laborum voluptatem. Cum eveniet voluptatem minima. Eius reprehenderit facilis voluptas rem neque.",65
Arthur Santos,Novaes da Serra,"Quisquam ex repellat assumenda. Nostrum quis debitis beatae. Ut voluptatibus tempore magnam asperiores iste.
A explicabo mollitia possimus soluta illo iure. Voluptatibus nulla nulla nesciunt.",45
Srta. Isadora Caldeira,Porto,"Cum quasi sunt tenetur. Nihil soluta maiores aut necessitatibus.
Molestiae praesentium molestias. Architecto aliquam ad dicta. Recusandae harum nesciunt aspernatur.",56
Gustavo Barros,Pires,Modi temporibus earum. Omnis molestiae est tempora placeat inventore. Incidunt quaerat dolorem autem modi dolor ea. Debitis dolorum qui totam.,57
Dr. Anthony Martins,Porto das Pedras,Quisquam asperiores debitis ut dolores. Vitae sunt autem excepturi mollitia id. Perspiciatis tempore est suscipit. Quis nulla quisquam quo non.,90
Alana Costa,da Rosa,Porro molestiae praesentium saepe expedita eaque consequuntur. Sit ipsam quo distinctio maxime dignissimos sit.,40
Henrique Dias,Ferreira,"Sit eum ab velit.
Excepturi quibusdam possimus voluptatem. Nostrum reiciendis illo iste inventore ratione dolores. Amet non ipsam eos sequi dicta at.",36
João Gabriel Moura,Cardoso do Galho,Amet quidem velit ducimus ut expedita. Quaerat dolores beatae magnam minima nesciunt repellat. Qui consequuntur ipsa tempora numquam.,27
Emanuel Gonçalves,da Costa,"Totam sunt minus sapiente illum. Qui cumque aspernatur suscipit blanditiis.
Quis temporibus magnam quis. Ad earum nemo ea distinctio voluptas ab. Sit occaecati magnam.",57
Rafaela Nogueira,Sales,Animi excepturi explicabo accusantium. Ratione quaerat dolores adipisci doloremque. Eum repudiandae porro reprehenderit aliquid deserunt. Eligendi in totam.,88
Dra. Maria Sophia Duarte,Ribeiro,"Et sunt perferendis officiis. Maiores vero voluptatum pariatur.
Consequatur ad eaque consequatur delectus maxime distinctio eius. Autem itaque repudiandae corporis a nihil eligendi.",27
Ana Novaes,Moraes dos Dourados,Autem minima eveniet dolor asperiores quaerat.,18
Rafael Viana,Caldeira,"Illo placeat et asperiores vel. Odio unde minima nesciunt. Dicta culpa at nihil.
Blanditiis quasi sequi accusamus maiores omnis.",79
Julia Viana,Gonçalves de Lima,Natus praesentium nemo. Atque sapiente assumenda officiis.,36
Juan Dias,da Conceição do Galho,Inventore sint voluptatem eum repellendus. Iusto eius facere aliquid eveniet aliquid.,50
Maria Clara Souza,Vieira,Tempora ullam perferendis placeat doloremque. Soluta tenetur consectetur necessitatibus nesciunt officiis.,19
Manuela Castro,Jesus,"Nisi nisi voluptatum quam. Cumque molestias excepturi unde officia ad eius.
Quisquam omnis laboriosam sapiente. Minima natus dolores id. Tempora illum beatae.",81
Lorena Oliveira,Viana Verde,"Dolorum libero possimus qui. Commodi neque libero nihil veritatis.
Distinctio tempora inventore aperiam. Eveniet inventore nesciunt impedit numquam sunt harum.",73
